IRI,Name,Form
http://resource.geosciml.org/classifier/ics/ischart/Aalenian,Aalenien,"timescale,stratigraphic,longform,shortform"
http://resource.geosciml.org/classifier/ics/ischart/Aeronian,Aeronien,"timescale,stratigraphic,longform,shortform"
http://resource.geosciml.org/classifier/ics/ischart/Ages,Tijd,"timescale,longform,shortform"
http://resource.geosciml.org/classifier/ics/ischart/Ages,Etage,"stratigraphic,longform,shortform"
http://resource.geosciml.org/classifier/ics/ischart/Albian,Albien,"timescale,stratigraphic,longform,shortform"
http://resource.geosciml.org/classifier/ics/ischart/Anisian,Anisien,"timescale,stratigraphic,longform,shortform"
http://resource.geosciml.org/classifier/ics/ischart/Aptian,Aptien,"timescale,stratigraphic,longform,shortform"
http://resource.geosciml.org/classifier/ics/ischart/Aquitanian,Aquitanien,"timescale,stratigraphic,longform,shortform"
http://resource.geosciml.org/classifier/ics/ischart/Aquitanian,Vierland,regcorrel
http://resource.geosciml.org/classifier/ics/ischart/Archean,Archaïcum,"timescale,stratigraphic,longform,shortform"
http://resource.geosciml.org/classifier/ics/ischart/Artinskian,Artinskien,"timescale,stratigraphic,longform,shortform"
http://resource.geosciml.org/classifier/ics/ischart/Asselian,Asselien,"timescale,stratigraphic,longform,shortform"
http://resource.geosciml.org/classifier/ics/ischart/Bajocian,Bajocien,"timescale,stratigraphic,longform,shortform"
http://resource.geosciml.org/classifier/ics/ischart/Barremian,Barremien,"timescale,stratigraphic,longform,shortform"
http://resource.geosciml.org/classifier/ics/ischart/Bartonian,Bartonien,"timescale,stratigraphic,longform,shortform"
http://resource.geosciml.org/classifier/ics/ischart/Bashkirian,Bashkirien,"timescale,stratigraphic,longform,shortform"
http://resource.geosciml.org/classifier/ics/ischart/Bathonian,Barthonien,"timescale,stratigraphic,longform,shortform"
http://resource.geosciml.org/classifier/ics/ischart/Berriasian,Berrasien,"timescale,stratigraphic,longform,shortform"
http://resource.geosciml.org/classifier/ics/ischart/Burdigalian,Burdigalien,"timescale,stratigraphic,longform,shortform"
http://resource.geosciml.org/classifier/ics/ischart/Burdigalian,Hemmoor,regcorrel
http://resource.geosciml.org/classifier/ics/ischart/Calabrian,Calabrien,"timescale,stratigraphic,longform,shortform"
http://resource.geosciml.org/classifier/ics/ischart/Callovian,Callovien,"timescale,stratigraphic,longform,shortform"
http://resource.geosciml.org/classifier/ics/ischart/Calymmian,Calymmien,"timescale,stratigraphic,longform,shortform"
http://resource.geosciml.org/classifier/ics/ischart/Cambrian,Cambrium,"timescale,stratigraphic,longform,shortform"
http://resource.geosciml.org/classifier/ics/ischart/Campanian,Campanien,"timescale,stratigraphic,longform,shortform"
http://resource.geosciml.org/classifier/ics/ischart/Capitanian,Capitanien,"timescale,stratigraphic,longform,shortform"
http://resource.geosciml.org/classifier/ics/ischart/Carboniferous,Carboon,"timescale,stratigraphic,longform,shortform"
http://resource.geosciml.org/classifier/ics/ischart/Carnian,Carnien,"timescale,stratigraphic,longform,shortform"
http://resource.geosciml.org/classifier/ics/ischart/Cenomanian,Cenomanien,"timescale,stratigraphic,longform,shortform"
http://resource.geosciml.org/classifier/ics/ischart/Cenozoic,Kenozoïcum,"timescale,stratigraphic,longform,shortform"
http://resource.geosciml.org/classifier/ics/ischart/Changhsingian,Changhsingien,"timescale,stratigraphic,longform,shortform"
http://resource.geosciml.org/classifier/ics/ischart/Chattian,Chattien,"timescale,stratigraphic,longform,shortform"
http://resource.geosciml.org/classifier/ics/ischart/Chibanian,Chibaien,"timescale,stratigraphic,longform,shortform"
http://resource.geosciml.org/classifier/ics/ischart/Cisuralian,Cisuralien,"timescale,stratigraphic,longform,shortform"
http://resource.geosciml.org/classifier/ics/ischart/Coniacian,Conacien,"timescale,stratigraphic,longform,shortform"
http://resource.geosciml.org/classifier/ics/ischart/Cretaceous,Krijt,"timescale,stratigraphic,longform,shortform"
http://resource.geosciml.org/classifier/ics/ischart/Cryogenian,Cryogenien,"timescale,stratigraphic,longform,shortform"
http://resource.geosciml.org/classifier/ics/ischart/Danian,Danien,"timescale,stratigraphic,longform,shortform"
http://resource.geosciml.org/classifier/ics/ischart/Dapingian,Dapingien,"timescale,stratigraphic,longform,shortform"
http://resource.geosciml.org/classifier/ics/ischart/Darriwilian,Darriwilien,"timescale,stratigraphic,longform,shortform"
http://resource.geosciml.org/classifier/ics/ischart/Devonian,Devoon,"timescale,stratigraphic,longform,shortform"
http://resource.geosciml.org/classifier/ics/ischart/Drumian,Drumien,"timescale,stratigraphic,longform,shortform"
http://resource.geosciml.org/classifier/ics/ischart/LowerCretaceous,Vroeg Krijt,"timescale,longform"
http://resource.geosciml.org/classifier/ics/ischart/LowerCretaceous,Onder Krijt,"stratigraphic,longform"
http://resource.geosciml.org/classifier/ics/ischart/LowerCretaceous,Vroeg,"timescale,shortform"
http://resource.geosciml.org/classifier/ics/ischart/LowerCretaceous,Onder,"stratigraphic,shortform"
http://resource.geosciml.org/classifier/ics/ischart/LowerDevonian,Vroeg Devoon,"timescale,longform"
http://resource.geosciml.org/classifier/ics/ischart/LowerDevonian,Onder Devoon,"stratigraphic,longform"
http://resource.geosciml.org/classifier/ics/ischart/LowerDevonian,Vroeg,"timescale,shortform"
http://resource.geosciml.org/classifier/ics/ischart/LowerDevonian,Onder,"stratigraphic,shortform"
http://resource.geosciml.org/classifier/ics/ischart/LowerJurassic,Vroeg Jura,"timescale,longform"
http://resource.geosciml.org/classifier/ics/ischart/LowerJurassic,Onder Jura,"stratigraphic,longform"
http://resource.geosciml.org/classifier/ics/ischart/LowerJurassic,Vroeg,"timescale,shortform"
http://resource.geosciml.org/classifier/ics/ischart/LowerJurassic,Onder,"stratigraphic,shortform"
http://resource.geosciml.org/classifier/ics/ischart/LowerMississippian,Vroeg Mississipien,"timescale,longform"
http://resource.geosciml.org/classifier/ics/ischart/LowerMississippian,Onder Mississipien,"stratigraphic,longform"
http://resource.geosciml.org/classifier/ics/ischart/LowerMississippian,Vroeg,"timescale,shortform"
http://resource.geosciml.org/classifier/ics/ischart/LowerMississippian,Onder,"stratigraphic,shortform"
http://resource.geosciml.org/classifier/ics/ischart/LowerOrdovician,Vroeg Ordovicium,"timescale,longform"
http://resource.geosciml.org/classifier/ics/ischart/LowerOrdovician,Onder Ordovicium,"stratigraphic,longform"
http://resource.geosciml.org/classifier/ics/ischart/LowerOrdovician,Vroeg,"timescale,shortform"
http://resource.geosciml.org/classifier/ics/ischart/LowerOrdovician,Onder,"stratigraphic,shortform"
http://resource.geosciml.org/classifier/ics/ischart/LowerPennsylvanian,Vroeg Pennsylvanien,"timescale,longform"
http://resource.geosciml.org/classifier/ics/ischart/LowerPennsylvanian,Onder Pennsylvanien,"stratigraphic,longform"
http://resource.geosciml.org/classifier/ics/ischart/LowerPennsylvanian,Vroeg,"timescale,shortform"
http://resource.geosciml.org/classifier/ics/ischart/LowerPennsylvanian,Onder,"stratigraphic,shortform"
http://resource.geosciml.org/classifier/ics/ischart/LowerTriassic,Vroeg Trias,"timescale,longform"
http://resource.geosciml.org/classifier/ics/ischart/LowerTriassic,Onder Trias,"stratigraphic,longform"
http://resource.geosciml.org/classifier/ics/ischart/LowerTriassic,Vroeg,"timescale,shortform"
http://resource.geosciml.org/classifier/ics/ischart/LowerTriassic,Onder,"stratigraphic,shortform"
http://resource.geosciml.org/classifier/ics/ischart/Ectasian,Ectasien,"timescale,stratigraphic,longform,shortform"
http://resource.geosciml.org/classifier/ics/ischart/Ediacaran,Ediacaran,"timescale,stratigraphic,longform,shortform"
http://resource.geosciml.org/classifier/ics/ischart/Eifelian,Eifelien,"timescale,stratigraphic,longform,shortform"
http://resource.geosciml.org/classifier/ics/ischart/Emsian,Emsien,"timescale,stratigraphic,longform,shortform"
http://resource.geosciml.org/classifier/ics/ischart/Eoarchean,Eo-archeïcum,"timescale,stratigraphic,longform,shortform"
http://resource.geosciml.org/classifier/ics/ischart/Eocene,Eoceen,"timescale,stratigraphic,longform,shortform"
http://resource.geosciml.org/classifier/ics/ischart/Eons,Eon,"timescale,longform,shortform"
http://resource.geosciml.org/classifier/ics/ischart/Eons,Eonotheem,"stratigraphic,longform,shortform"
http://resource.geosciml.org/classifier/ics/ischart/Epochs,Tijdvak,"timescale,longform,shortform"
http://resource.geosciml.org/classifier/ics/ischart/Epochs,Serie,"stratigraphic,longform,shortform"
http://resource.geosciml.org/classifier/ics/ischart/Eras,Era,"timescale,longform,shortform"
http://resource.geosciml.org/classifier/ics/ischart/Eras,Eratheem,"stratigraphic,longform,shortform"
http://resource.geosciml.org/classifier/ics/ischart/Famennian,Famennien,"timescale,stratigraphic,longform,shortform"
http://resource.geosciml.org/classifier/ics/ischart/Floian,Floien,"timescale,stratigraphic,longform,shortform"
http://resource.geosciml.org/classifier/ics/ischart/Fortunian,Fortunien,"timescale,stratigraphic,longform,shortform"
http://resource.geosciml.org/classifier/ics/ischart/Frasnian,Frasnien,"timescale,stratigraphic,longform,shortform"
http://resource.geosciml.org/classifier/ics/ischart/Furongian,Furongien,"timescale,stratigraphic,longform,shortform"
http://resource.geosciml.org/classifier/ics/ischart/Gelasian,Gelasien,"timescale,stratigraphic,longform,shortform"
http://resource.geosciml.org/classifier/ics/ischart/Gelasian,Pretiglien + Tiglien,regcorrel
http://resource.geosciml.org/classifier/ics/ischart/Givetian,Givetien,"timescale,stratigraphic,longform,shortform"
http://resource.geosciml.org/classifier/ics/ischart/Gorstian,Gorstien,"timescale,stratigraphic,longform,shortform"
http://resource.geosciml.org/classifier/ics/ischart/Greenlandian,Greenlandien,"timescale,stratigraphic,longform,shortform"
http://resource.geosciml.org/classifier/ics/ischart/Guadalupian,Guadalupien,"timescale,stratigraphic,longform,shortform"
http://resource.geosciml.org/classifier/ics/ischart/Guzhangian,Guzhangien,"timescale,stratigraphic,longform,shortform"
http://resource.geosciml.org/classifier/ics/ischart/Gzhelian,Gzhelien,"timescale,stratigraphic,longform,shortform"
http://resource.geosciml.org/classifier/ics/ischart/Hadean,Hadeïcum,"timescale,stratigraphic,longform,shortform"
http://resource.geosciml.org/classifier/ics/ischart/Hauterivian,Hauterivien,"timescale,stratigraphic,longform,shortform"
http://resource.geosciml.org/classifier/ics/ischart/Hettangian,Hettangien,"timescale,stratigraphic,longform,shortform"
http://resource.geosciml.org/classifier/ics/ischart/Hirnantian,Hirnantien,"timescale,stratigraphic,longform,shortform"
http://resource.geosciml.org/classifier/ics/ischart/Holocene,Holoceen,"timescale,stratigraphic,longform,shortform"
http://resource.geosciml.org/classifier/ics/ischart/Homerian,Homerien,"timescale,stratigraphic,longform,shortform"
http://resource.geosciml.org/classifier/ics/ischart/Induan,Induien,"timescale,stratigraphic,longform,shortform"
http://resource.geosciml.org/classifier/ics/ischart,INTERNATIONALE CHRONOSTRATIGRAFISCHE TABEL,"timescale,stratigraphic,longform,shortform"
http://resource.geosciml.org/classifier/ics/ischart/Jiangshanian,Jiangshanien,"timescale,stratigraphic,longform,shortform"
http://resource.geosciml.org/classifier/ics/ischart/Jurassic,Jura,"timescale,stratigraphic,longform,shortform"
http://resource.geosciml.org/classifier/ics/ischart/Kasimovian,Kasimovien,"timescale,stratigraphic,longform,shortform"
http://resource.geosciml.org/classifier/ics/ischart/Katian,Katien,"timescale,stratigraphic,longform,shortform"
http://resource.geosciml.org/classifier/ics/ischart/Kimmeridgian,Kimmeridgien,"timescale,stratigraphic,longform,shortform"
http://resource.geosciml.org/classifier/ics/ischart/Kungurian,Kungurien,"timescale,stratigraphic,longform,shortform"
http://resource.geosciml.org/classifier/ics/ischart/Ladinian,Ladinien,"timescale,stratigraphic,longform,shortform"
http://resource.geosciml.org/classifier/ics/ischart/Langhian,Langhien,"timescale,stratigraphic,longform,shortform"
http://resource.geosciml.org/classifier/ics/ischart/Langhian,Reinbek,regcorrel
http://resource.geosciml.org/classifier/ics/ischart/UpperPleistocene,Laat Pleistoceen,"timescale,longform"
http://resource.geosciml.org/classifier/ics/ischart/UpperPleistocene,Boven Pleistoceen,"stratigraphic,longform"
http://resource.geosciml.org/classifier/ics/ischart/UpperPleistocene,Laat,"timescale,shortform"
http://resource.geosciml.org/classifier/ics/ischart/UpperPleistocene,Boven,"stratigraphic,shortform"
http://resource.geosciml.org/classifier/ics/ischart/UpperCretaceous,Laat Krijt,"timescale,longform"
http://resource.geosciml.org/classifier/ics/ischart/UpperCretaceous,Boven Krijt,"stratigraphic,longform"
http://resource.geosciml.org/classifier/ics/ischart/UpperCretaceous,Laat,"timescale,shortform"
http://resource.geosciml.org/classifier/ics/ischart/UpperCretaceous,Boven,"stratigraphic,shortform"
http://resource.geosciml.org/classifier/ics/ischart/UpperDevonian,Laat Devoon,"timescale,longform"
http://resource.geosciml.org/classifier/ics/ischart/UpperDevonian,Boven Devoon,"stratigraphic,longform"
http://resource.geosciml.org/classifier/ics/ischart/UpperDevonian,Laat,"timescale,shortform"
http://resource.geosciml.org/classifier/ics/ischart/UpperDevonian,Boven,"stratigraphic,shortform"
http://resource.geosciml.org/classifier/ics/ischart/UpperJurassic,Laat Jura,"timescale,longform"
http://resource.geosciml.org/classifier/ics/ischart/UpperJurassic,Boven Jura,"stratigraphic,longform"
http://resource.geosciml.org/classifier/ics/ischart/UpperJurassic,Laat,"timescale,shortform"
http://resource.geosciml.org/classifier/ics/ischart/UpperJurassic,Boven,"stratigraphic,shortform"
http://resource.geosciml.org/classifier/ics/ischart/UpperMississippian,Laat Mississippien,"timescale,longform"
http://resource.geosciml.org/classifier/ics/ischart/UpperMississippian,Boven Mississippien,"stratigraphic,longform"
http://resource.geosciml.org/classifier/ics/ischart/UpperMississippian,Laat,"timescale,shortform"
http://resource.geosciml.org/classifier/ics/ischart/UpperMississippian,Boven,"stratigraphic,shortform"
http://resource.geosciml.org/classifier/ics/ischart/UpperOrdovician,Laat Ordovicium,"timescale,longform"
http://resource.geosciml.org/classifier/ics/ischart/UpperOrdovician,Boven Ordovicium,"stratigraphic,longform"
http://resource.geosciml.org/classifier/ics/ischart/UpperOrdovician,Laat,"timescale,shortform"
http://resource.geosciml.org/classifier/ics/ischart/UpperOrdovician,Boven,"stratigraphic,shortform"
http://resource.geosciml.org/classifier/ics/ischart/UpperPennsylvanian,Laat Pennsylvanien,"timescale,longform"
http://resource.geosciml.org/classifier/ics/ischart/UpperPennsylvanian,Boven Pennsylvanien,"stratigraphic,longform"
http://resource.geosciml.org/classifier/ics/ischart/UpperPennsylvanian,Laat Pennsylvanien,"timescale,shortform"
http://resource.geosciml.org/classifier/ics/ischart/UpperPennsylvanian,Laat,"stratigraphic,shortform"
http://resource.geosciml.org/classifier/ics/ischart/UpperTriassic,Boven,"timescale,longform"
http://resource.geosciml.org/classifier/ics/ischart/UpperTriassic,Boven Trias,"stratigraphic,longform"
http://resource.geosciml.org/classifier/ics/ischart/UpperTriassic,Laat,"timescale,shortform"
http://resource.geosciml.org/classifier/ics/ischart/UpperTriassic,Boven,"stratigraphic,shortform"
http://resource.geosciml.org/classifier/ics/ischart/Llandovery,Llandovery,"timescale,stratigraphic,longform,shortform"
http://resource.geosciml.org/classifier/ics/ischart/Lochkovian,Lochkovien,"timescale,stratigraphic,longform,shortform"
http://resource.geosciml.org/classifier/ics/ischart/Lopingian,Lopingien,"timescale,stratigraphic,longform,shortform"
http://resource.geosciml.org/classifier/ics/ischart/Ludfordian,Ludfordien,"timescale,stratigraphic,longform,shortform"
http://resource.geosciml.org/classifier/ics/ischart/Ludlow,Ludlow,"timescale,stratigraphic,longform,shortform"
http://resource.geosciml.org/classifier/ics/ischart/Lutetian,Lutetien,"timescale,stratigraphic,longform,shortform"
http://resource.geosciml.org/classifier/ics/ischart/Maastrichtian,Maastrichtien,"timescale,stratigraphic,longform,shortform"
http://resource.geosciml.org/classifier/ics/ischart/Meghalayan,Meghalayen,"timescale,stratigraphic,longform,shortform"
http://resource.geosciml.org/classifier/ics/ischart/Mesoarchean,Meso-archeïcum,"timescale,stratigraphic,longform,shortform"
http://resource.geosciml.org/classifier/ics/ischart/Mesoproterozoic,Mesoproterozoïcum,"timescale,stratigraphic,longform,shortform"
http://resource.geosciml.org/classifier/ics/ischart/Mesozoic,Mesozoïcum,"timescale,stratigraphic,longform,shortform"
http://resource.geosciml.org/classifier/ics/ischart/Messinian,Susterien,"timescale,stratigraphic,longform,shortform"
http://resource.geosciml.org/classifier/ics/ischart/Miaolingian,Miaolingien,"timescale,stratigraphic,longform,shortform"
http://resource.geosciml.org/classifier/ics/ischart/MiddleDevonian,Midden Devoon,"timescale,stratigraphic,longform"
http://resource.geosciml.org/classifier/ics/ischart/MiddleDevonian,Midden,"timescale,stratigraphic,shortform"
http://resource.geosciml.org/classifier/ics/ischart/MiddleJurassic,Midden Jura,"timescale,stratigraphic,longform"
http://resource.geosciml.org/classifier/ics/ischart/MiddleJurassic,Midden,"timescale,stratigraphic,shortform"
http://resource.geosciml.org/classifier/ics/ischart/MiddleMississippian,Midden Mississippien,"timescale,stratigraphic,longform"
http://resource.geosciml.org/classifier/ics/ischart/MiddleMississippian,Midden,"timescale,stratigraphic,shortform"
http://resource.geosciml.org/classifier/ics/ischart/MiddleOrdovician,Midden Ordovicium,"timescale,stratigraphic,longform"
http://resource.geosciml.org/classifier/ics/ischart/MiddleOrdovician,Midden,"timescale,stratigraphic,shortform"
http://resource.geosciml.org/classifier/ics/ischart/MiddlePennsylvanian,Midden Pennsylvanien,"timescale,stratigraphic,longform"
http://resource.geosciml.org/classifier/ics/ischart/MiddlePennsylvanian,Midden,"timescale,stratigraphic,shortform"
http://resource.geosciml.org/classifier/ics/ischart/MiddleTriassic,Midden Trias,"timescale,stratigraphic,longform"
http://resource.geosciml.org/classifier/ics/ischart/MiddleTriassic,Midden,"timescale,stratigraphic,shortform"
http://resource.geosciml.org/classifier/ics/ischart/Miocene,Mioceen,"timescale,stratigraphic,longform,shortform"
http://resource.geosciml.org/classifier/ics/ischart/Mississippian,Mississippien,"timescale,stratigraphic,longform,shortform"
http://resource.geosciml.org/classifier/ics/ischart/Moscovian,Moscovien,"timescale,stratigraphic,longform,shortform"
http://resource.geosciml.org/classifier/ics/ischart/Neoarchean,Neo-archeïcum,"timescale,stratigraphic,longform,shortform"
http://resource.geosciml.org/classifier/ics/ischart/Neogene,Neogeen,"timescale,stratigraphic,longform,shortform"
http://resource.geosciml.org/classifier/ics/ischart/Neoproterozoic,Neoproterozoïcum,"timescale,stratigraphic,longform,shortform"
http://resource.geosciml.org/classifier/ics/ischart/Norian,Norien,"timescale,stratigraphic,longform,shortform"
http://resource.geosciml.org/classifier/ics/ischart/Northgrippian,Northgrippien,"timescale,stratigraphic,longform,shortform"
http://resource.geosciml.org/classifier/ics/ischart/Olenekian,Olenekien,"timescale,stratigraphic,longform,shortform"
http://resource.geosciml.org/classifier/ics/ischart/Oligocene,Oliogoceen,"timescale,stratigraphic,longform,shortform"
http://resource.geosciml.org/classifier/ics/ischart/Ordovician,Ordovicium,"timescale,stratigraphic,longform,shortform"
http://resource.geosciml.org/classifier/ics/ischart/Orosirian,Orosirien,"timescale,stratigraphic,longform,shortform"
http://resource.geosciml.org/classifier/ics/ischart/Oxfordian,Oxfordien,"timescale,stratigraphic,longform,shortform"
http://resource.geosciml.org/classifier/ics/ischart/Paibian,Paibien,"timescale,stratigraphic,longform,shortform"
http://resource.geosciml.org/classifier/ics/ischart/Paleoarchean,Paleo-archeïcum,"timescale,stratigraphic,longform,shortform"
http://resource.geosciml.org/classifier/ics/ischart/Paleocene,Paleoceen,"timescale,stratigraphic,longform,shortform"
http://resource.geosciml.org/classifier/ics/ischart/Paleogene,Paleogeen,"timescale,stratigraphic,longform,shortform"
http://resource.geosciml.org/classifier/ics/ischart/Paleoproterozoic,Paleoproterozoïcum,"timescale,stratigraphic,longform,shortform"
http://resource.geosciml.org/classifier/ics/ischart/Paleozoic,Paleozoïcum,"timescale,stratigraphic,longform,shortform"
http://resource.geosciml.org/classifier/ics/ischart/Pennsylvanian,Pennsylvanien,"timescale,stratigraphic,longform,shortform"
http://resource.geosciml.org/classifier/ics/ischart/Periods,Periode,"timescale,longform,shortform"
http://resource.geosciml.org/classifier/ics/ischart/Periods,Systeem,"stratigraphic,longform,shortform"
http://resource.geosciml.org/classifier/ics/ischart/Permian,Perm,"timescale,stratigraphic,longform,shortform"
http://resource.geosciml.org/classifier/ics/ischart/Phanerozoic,Fanerozoïcum,"timescale,stratigraphic,longform,shortform"
http://resource.geosciml.org/classifier/ics/ischart/Piacenzian,Piacenzien,"timescale,stratigraphic,longform,shortform"
http://resource.geosciml.org/classifier/ics/ischart/Piacenzian,Reuverien,regcorrel
http://resource.geosciml.org/classifier/ics/ischart/Pleistocene,Pleistoceen,"timescale,stratigraphic,longform,shortform"
http://resource.geosciml.org/classifier/ics/ischart/Pliensbachian,Pliensbachien,"timescale,stratigraphic,longform,shortform"
http://resource.geosciml.org/classifier/ics/ischart/Pliocene,Plioceen,"timescale,stratigraphic,longform,shortform"
http://resource.geosciml.org/classifier/ics/ischart/Pragian,Pragien,"timescale,stratigraphic,longform,shortform"
http://resource.geosciml.org/classifier/ics/ischart/Precambrian,Precambrium,"timescale,stratigraphic,longform,shortform"
http://resource.geosciml.org/classifier/ics/ischart/Priabonian,Priabonien,"timescale,stratigraphic,longform,shortform"
http://resource.geosciml.org/classifier/ics/ischart/Pridoli,Pridoli,"timescale,stratigraphic,longform,shortform"
http://resource.geosciml.org/classifier/ics/ischart/Proterozoic,Proterozoïcum,"timescale,stratigraphic,longform,shortform"
http://resource.geosciml.org/classifier/ics/ischart/Quaternary,Kwartair,"timescale,stratigraphic,longform,shortform"
http://resource.geosciml.org/classifier/ics/ischart/Rhaetian,Rhaetien,"timescale,stratigraphic,longform,shortform"
http://resource.geosciml.org/classifier/ics/ischart/Rhuddanian,Rhuddanien,"timescale,stratigraphic,longform,shortform"
http://resource.geosciml.org/classifier/ics/ischart/Rhyacian,Rhyacien,"timescale,stratigraphic,longform,shortform"
http://resource.geosciml.org/classifier/ics/ischart/Roadian,Roadien,"timescale,stratigraphic,longform,shortform"
http://resource.geosciml.org/classifier/ics/ischart/Rupelian,Rupelien,"timescale,stratigraphic,longform,shortform"
http://resource.geosciml.org/classifier/ics/ischart/Sakmarian,Sakmarien,"timescale,stratigraphic,longform,shortform"
http://resource.geosciml.org/classifier/ics/ischart/Sandbian,Sandbien,"timescale,stratigraphic,longform,shortform"
http://resource.geosciml.org/classifier/ics/ischart/Santonian,Santonien,"timescale,stratigraphic,longform,shortform"
http://resource.geosciml.org/classifier/ics/ischart/Selandian,Selandien,"timescale,stratigraphic,longform,shortform"
http://resource.geosciml.org/classifier/ics/ischart/CambrianSeries2,Cambrium Tijdvak 2,"timescale,longform"
http://resource.geosciml.org/classifier/ics/ischart/CambrianSeries2,Tijdvak 2,"timescale,shortform"
http://resource.geosciml.org/classifier/ics/ischart/CambrianSeries2,Cambrium Serie 2,"stratigraphic,longform"
http://resource.geosciml.org/classifier/ics/ischart/CambrianSeries2,Serie 2,"stratigraphic,shortform"
http://resource.geosciml.org/classifier/ics/ischart/Serpukhovian,Serpukhovien,"timescale,stratigraphic,longform,shortform"
http://resource.geosciml.org/classifier/ics/ischart/Serravallian,Serravallien,"timescale,stratigraphic,longform,shortform"
http://resource.geosciml.org/classifier/ics/ischart/Serravallian,Langeveld,regcorrel
http://resource.geosciml.org/classifier/ics/ischart/Sheinwoodian,Sheinwoodien,"timescale,stratigraphic,longform,shortform"
http://resource.geosciml.org/classifier/ics/ischart/Siderian,Siderien,"timescale,stratigraphic,longform,shortform"
http://resource.geosciml.org/classifier/ics/ischart/Silurian,Siluur,"timescale,stratigraphic,longform,shortform"
http://resource.geosciml.org/classifier/ics/ischart/Sinemurian,Sinemurien,"timescale,stratigraphic,longform,shortform"
http://resource.geosciml.org/classifier/ics/ischart/CambrianStage10,Cambrium Tijd 10,"timescale,longform"
http://resource.geosciml.org/classifier/ics/ischart/CambrianStage10,Tijd 10,"timescale,shortform"
http://resource.geosciml.org/classifier/ics/ischart/CambrianStage2,Cambrium Tijd 2,"timescale,longform"
http://resource.geosciml.org/classifier/ics/ischart/CambrianStage2,Tijd 2,"timescale,shortform"
http://resource.geosciml.org/classifier/ics/ischart/CambrianStage3,Cambrium Tijd 3,"timescale,longform"
http://resource.geosciml.org/classifier/ics/ischart/CambrianStage3,Tijd 3,"timescale,shortform"
http://resource.geosciml.org/classifier/ics/ischart/CambrianStage4,Cambrium Tijd 4,"timescale,longform"
http://resource.geosciml.org/classifier/ics/ischart/CambrianStage4,Tijd 4,"timescale,shortform"
http://resource.geosciml.org/classifier/ics/ischart/CambrianStage10,Cambrium Etage 10,"timescale,stratigraphic,longform"
http://resource.geosciml.org/classifier/ics/ischart/CambrianStage10,Etage 10,"timescale,stratigraphic,shortform"
http://resource.geosciml.org/classifier/ics/ischart/CambrianStage2,Cambrium Etage 2,"timescale,stratigraphic,longform"
http://resource.geosciml.org/classifier/ics/ischart/CambrianStage2,Etage 2,"timescale,stratigraphic,shortform"
http://resource.geosciml.org/classifier/ics/ischart/CambrianStage3,Cambrium Etage 3,"timescale,stratigraphic,longform"
http://resource.geosciml.org/classifier/ics/ischart/CambrianStage3,Etage 3,"timescale,stratigraphic,shortform"
http://resource.geosciml.org/classifier/ics/ischart/CambrianStage4,Cambrium Etage 4,"timescale,stratigraphic,longform"
http://resource.geosciml.org/classifier/ics/ischart/CambrianStage4,Etage 4,"timescale,stratigraphic,shortform"
http://resource.geosciml.org/classifier/ics/ischart/Statherian,Statherien,"timescale,stratigraphic,longform,shortform"
http://resource.geosciml.org/classifier/ics/ischart/Stenian,Stenien,"timescale,stratigraphic,longform,shortform"
http://resource.geosciml.org/classifier/ics/ischart/SubPeriod,Subperiode,"timescale,longform,shortform"
http://resource.geosciml.org/classifier/ics/ischart/SuperEons,Supereon,"timescale,longform,shortform"
http://resource.geosciml.org/classifier/ics/ischart/SubPeriod,Subsysteem,"stratigraphic,longform,shortform"
http://resource.geosciml.org/classifier/ics/ischart/SuperEons,Supereonotheem,"stratigraphic,longform,shortform"
http://resource.geosciml.org/classifier/ics/ischart/Telychian,Telychien,"timescale,stratigraphic,longform,shortform"
http://resource.geosciml.org/classifier/ics/ischart/Terreneuvian,Terreneuvien,"timescale,stratigraphic,longform,shortform"
http://resource.geosciml.org/classifier/ics/ischart/Thanetian,Thanetien,"timescale,stratigraphic,longform,shortform"
http://resource.geosciml.org/classifier/ics/ischart/Tithonian,Tithonien,"timescale,stratigraphic,longform,shortform"
http://resource.geosciml.org/classifier/ics/ischart/Toarcian,Toarcien,"timescale,stratigraphic,longform,shortform"
http://resource.geosciml.org/classifier/ics/ischart/Tonian,Tonien,"timescale,stratigraphic,longform,shortform"
http://resource.geosciml.org/classifier/ics/ischart/Tortonian,Tortonien,"timescale,stratigraphic,longform,shortform"
http://resource.geosciml.org/classifier/ics/ischart/Tortonian,Linne,regcorrel
http://resource.geosciml.org/classifier/ics/ischart/Tournaisian,Tournaisien,"timescale,stratigraphic,longform,shortform"
http://resource.geosciml.org/classifier/ics/ischart/Tremadocian,Tremadocien,"timescale,stratigraphic,longform,shortform"
http://resource.geosciml.org/classifier/ics/ischart/Triassic,Trias,"timescale,stratigraphic,longform,shortform"
http://resource.geosciml.org/classifier/ics/ischart/Turonian,Turonien,"timescale,stratigraphic,longform,shortform"
http://resource.geosciml.org/classifier/ics/ischart/Valanginian,Vanlangien,"timescale,stratigraphic,longform,shortform"
http://resource.geosciml.org/classifier/ics/ischart/Visean,Viséen,"timescale,stratigraphic,longform,shortform"
http://resource.geosciml.org/classifier/ics/ischart/Wenlock,Wenlock,"timescale,stratigraphic,longform,shortform"
http://resource.geosciml.org/classifier/ics/ischart/Wordian,Wordien,"timescale,stratigraphic,longform,shortform"
http://resource.geosciml.org/classifier/ics/ischart/Wuchiapingian,Wuchiapingien,"timescale,stratigraphic,longform,shortform"
http://resource.geosciml.org/classifier/ics/ischart/Wuliuan,Wuliuien,"timescale,stratigraphic,longform,shortform"
http://resource.geosciml.org/classifier/ics/ischart/Ypresian,Ypresien,"timescale,stratigraphic,longform,shortform"
http://resource.geosciml.org/classifier/ics/ischart/Zanclean,Zancléen,"timescale,stratigraphic,longform,shortform"
http://resource.geosciml.org/classifier/ics/ischart/Zanclean,Brunssummien,regcorrel
